[{"name":"Glenn Howerton","about":"Dennis","img":"https://d1qxviojg2h5lt.cloudfront.net/images/01CPPNKT74FXPFXRG2NKV8F1N9/its.always.sunny.sex.doll.dennis.png"},{"name":"Rob McElhenney","about":"Mac","img":"http://beta.ems.ladbiblegroup.com/s3/content/899250015b91e442bbb8ff76e096ee3c.jpg"},{"name":"Charlie Kelly","about":"Charlie","img":"https://chumley.barstoolsports.com/wp-content/uploads/2018/08/22/Screen-Shot-2018-08-22-at-2.38.26-PM-1020x1024.png"},{"name":"Caitlin Olsen","about":"Dee","img":"http://66.media.tumblr.com/356e0aeb6aa099bc67fae3d36a11db60/tumblr_ntv6pe5p371u2k2rio7_r1_250.gif"},{"name":"Danny DeVito","about":"Frank","img":"https://memegenerator.net/img/images/300x300/13156638.jpg"}]